Model,AUROC
Logistic Regression,0.9404761904761905
Decision Tree,0.6773809523809523
Random Forest,0.9339285714285714
XGBoost,0.9011904761904762
